"method","n","MSE","RMSE","MAE","RSQ","Correlation"
"LCP_mean",1091,0.00727279945667002,0.0852807097570724,0.0675536388543867,0.103179742826027,0.321216037622699
"LCP_sum",1091,0.00315237017826238,0.0561459720573291,0.0456382333261431,0.611276311024356,0.781841615050233
"CBER",1091,0.00327534250210831,0.0572306080878782,0.0441945446810652,0.596112401754776,0.772083157279562
