"method","n","MSE","RMSE","MAE","RSQ","Correlation"
"LCP_mean",1091,0.00728841409313384,0.0853722091381841,0.0668544721207424,0.101254277622072,0.318204773097563
"LCP_sum",1091,0.00311493250459723,0.0558115803807528,0.045400661222465,0.615892809021366,0.784788384866498
"CBER",1091,0.00350839670823375,0.0592317204564729,0.046333627956369,0.567374123693059,0.753242406993299
