"method","n","MSE","RMSE","MAE","RSQ","Correlation"
"LCP_mean",1091,0.00800430126118677,0.0894667606499015,0.0706174609794477,0.0129771131016109,0.113917132607922
"LCP_sum",1091,0.00808544497548657,0.0899191023948003,0.071273134224042,0.00297115498878819,-0.054508302017107
"CBER",1091,0.0070853195040704,0.0841743399384302,0.0666512300500506,0.126298188523186,0.355384564272544
