"method","n","MSE","RMSE","MAE","RSQ","Correlation"
"LCP_mean",1091,0.00794638060831234,0.0891424736492786,0.0707799591429553,0.0201193992482331,-0.141842868161332
"LCP_sum",1091,0.00476638862079264,0.0690390369341335,0.0550314263197089,0.412249176653696,0.642066333530809
"CBER",1091,0.00727492009368833,0.085293142125779,0.067624556162194,0.102918243764013,0.320808733927262
