"method","n","MSE","RMSE","MAE","RSQ","Correlation"
"LCP_mean",1091,0.00800870379893372,0.0894913615883328,0.0712116962069324,0.0124342292976563,0.111508875421
"LCP_sum",1091,0.0077102190768577,0.0878078531616489,0.068197073979837,0.0492408464482527,-0.221902786030849
"CBER",1091,0.0065221559953286,0.0807598662413986,0.065323257411498,0.195742760142389,0.442428254231563
