"method","n","MSE","RMSE","MAE","RSQ","Correlation"
"LCP_mean",1091,0.00804137720539054,0.0896737263940254,0.071472706044182,0.00840522052930948,-0.0916799897977162
"LCP_sum",1091,0.00342543129936052,0.0585271842767147,0.0461903858129334,0.577604717808231,0.760003103814867
